<?xml version="1.0" encoding="UTF-8"?>
<project-private xmlns="http://www.netbeans.org/ns/project-private/1">
    <editor-bookmarks xmlns="http://www.netbeans.org/ns/editor-bookmarks/2" lastBookmarkId="0"/>
    <open-files xmlns="http://www.netbeans.org/ns/projectui-open-files/2">
        <group>
            <file>file:/C:/Users/dell/OneDrive/Documents/NetBeansProjects/MVCPoject/web/DashBard.jsp</file>
            <file>file:/C:/Users/dell/OneDrive/Documents/NetBeansProjects/MVCPoject/src/java/com/employee/Controller/LoginTask.java</file>
            <file>file:/C:/Users/dell/OneDrive/Documents/NetBeansProjects/MVCPoject/web/WEB-INF/web.xml</file>
            <file>file:/C:/Users/dell/OneDrive/Documents/NetBeansProjects/MVCPoject/web/Registration.jsp</file>
            <file>file:/C:/Users/dell/OneDrive/Documents/NetBeansProjects/MVCPoject/src/java/com/employee/services/GetConnection.java</file>
            <file>file:/C:/Users/dell/OneDrive/Documents/NetBeansProjects/MVCPoject/src/java/com/employee/Model/DTOClass.java</file>
            <file>file:/C:/Users/dell/OneDrive/Documents/NetBeansProjects/MVCPoject/src/java/com/employee/Model/EncrptDecrypt.java</file>
            <file>file:/C:/Users/dell/OneDrive/Documents/NetBeansProjects/MVCPoject/web/Login.jsp</file>
            <file>file:/C:/Users/dell/OneDrive/Documents/NetBeansProjects/MVCPoject/src/java/com/employee/Controller/LogOut.java</file>
            <file>file:/C:/Users/dell/OneDrive/Documents/NetBeansProjects/MVCPoject/src/java/com/employee/Model/DAOClass.java</file>
            <file>file:/C:/Users/dell/OneDrive/Documents/NetBeansProjects/MVCPoject/src/java/com/employee/Controller/RegistrationTask.java</file>
            <file>file:/C:/Users/dell/OneDrive/Documents/NetBeansProjects/MVCPoject/src/java/com/employee/Controller/profileTask.java</file>
        </group>
    </open-files>
</project-private>
